,snp,gene
0,rs61748411,ENSG00000169057
1,rs61751443,ENSG00000169057
2,rs28935168,ENSG00000169057
3,rs61751449,ENSG00000169057
4,rs63750264,ENSG00000142192
5,rs11136000,ENSG00000120885
6,rs2075650,ENSG00000130204
7,rs6656401,ENSG00000203710
8,rs4147929,ENSG00000064687
9,rs157580,ENSG00000130204
10,rs6701713,ENSG00000203710
11,rs9349407,ENSG00000198087
12,rs5030858,ENSG00000171759
13,rs5030849,ENSG00000171759
14,rs62508646,ENSG00000171759
15,rs5030856,ENSG00000171759
16,rs372915038,ENSG00000176165
17,rs375378714,ENSG00000176165
18,rs148157138,ENSG00000176165
19,rs141088742,ENSG00000176165
20,rs374673901,ENSG00000176165
21,rs150277632,ENSG00000176165
22,rs368707795,ENSG00000176165
23,rs139237860,ENSG00000176165
24,rs143223844,ENSG00000176165
25,rs147154860,ENSG00000176165
26,rs369673538,ENSG00000176165
